[
   {
      "Barkod": 9786053114772,
      "Dil": "Türkçe",
      "Fiyat": 20.4,
      "Kitap_Adi": "Süt Lekesi",
      "Yayinevi": "Destek Yayınları",
      "Yazar": "Esra Ezmeci"
   },
   {
      "Barkod": 9786057906465,
      "Dil": "Türkçe",
      "Fiyat": 20.4,
      "Kitap_Adi": "Yanlış Hayat Doğru Yaşanmaz",
      "Yayinevi": "Olimpos Yayınları",
      "Yazar": "Ethem Emin Nemutlu"
   },
   {
      "Barkod": 9786051856322,
      "Dil": "Türkçe",
      "Fiyat": 27.3,
      "Kitap_Adi": "Hazan",
      "Yayinevi": "Everest Yayınları",
      "Yazar": "Ayşe Kulin"
   },
   {
      "Barkod": 9789750751363,
      "Dil": "Türkçe",
      "Fiyat": 24.15,
      "Kitap_Adi": "Okçu'nun Yolu",
      "Yayinevi": "Can Yayınları",
      "Yazar": "Paulo Coelho"
   },
   {
      "Barkod": 9786258495423,
      "Dil": "Türkçe",
      "Fiyat": 34.3,
      "Kitap_Adi": "Zamir",
      "Yayinevi": "Doğan Kitap",
      "Yazar": "Hakan Günday"
   },
   {
      "Barkod": 9786254053702,
      "Dil": "Türkçe",
      "Fiyat": 6.5,
      "Kitap_Adi": "Beyaz Zambaklar Ülkesinde - Atatürk'ün Tavsiye Ettiği Kitap",
      "Yayinevi": "İş Bankası Kültür Yayınları",
      "Yazar": "Grigory Petrov"
   },
   {
      "Barkod": 9786052951569,
      "Dil": "Icerik Yok",
      "Fiyat": 4.55,
      "Kitap_Adi": "Altıncı Koğuş",
      "Yayinevi": "İş Bankası Kültür Yayınları - Modern Klasikler",
      "Yazar": "Anton Pavloviç Çehov"
   },
   {
      "Barkod": 9786052182734,
      "Dil": "Türkçe",
      "Fiyat": 34.3,
      "Kitap_Adi": "Seyir",
      "Yayinevi": "Mona",
      "Yazar": "Piraye"
   },
   {
      "Barkod": 9786053606604,
      "Dil": "Türkçe",
      "Fiyat": 3.9,
      "Kitap_Adi": "Bilinmeyen Bir Kadının Mektubu",
      "Yayinevi": "İş Bankası Kültür Yayınları - Modern Klasikler",
      "Yazar": "Stefan Zweig"
   },
   {
      "Barkod": 9786254494383,
      "Dil": "Türkçe",
      "Fiyat": 20.3,
      "Kitap_Adi": "Fink",
      "Yayinevi": "Alfa Yayıncılık",
      "Yazar": "Murat Menteş"
   },
   {
      "Barkod": 9786258036107,
      "Dil": "Türkçe",
      "Fiyat": 27.3,
      "Kitap_Adi": "Kalk Yerine Yat",
      "Yayinevi": "Doğan Kitap",
      "Yazar": "Şermin Yaşar"
   },
   {
      "Barkod": 9786052980811,
      "Dil": "Türkçe",
      "Fiyat": 26.4,
      "Kitap_Adi": "Körlük",
      "Yayinevi": "Kırmızı Kedi",
      "Yazar": "Jose Saramago"
   },
   {
      "Barkod": 9789754589023,
      "Dil": "Türkçe",
      "Fiyat": 14.3,
      "Kitap_Adi": "Suç ve Ceza - Hasan Ali Yücel Klasikleri",
      "Yayinevi": "İş Bankası Kültür Yayınları - Hasan Ali Yücel Klasikler Dizisi",
      "Yazar": "Fyodor Mihayloviç Dostoyevski"
   },
   {
      "Barkod": 9789750718533,
      "Dil": "Türkçe",
      "Fiyat": 18.9,
      "Kitap_Adi": "1984",
      "Yayinevi": "Can Yayınları - Dünya Klasikleri Dizisi",
      "Yazar": "George Orwell"
   },
   {
      "Barkod": 9789750719387,
      "Dil": "Türkçe",
      "Fiyat": 9.8,
      "Kitap_Adi": "Hayvan Çiftliği",
      "Yayinevi": "Can Yayınları - Çağdaş Dünya Yazarları Dizisi",
      "Yazar": "George Orwell"
   },
   {
      "Barkod": 9786053759584,
      "Dil": "Türkçe",
      "Fiyat": 23.1,
      "Kitap_Adi": "Ben Kirke",
      "Yayinevi": "İthaki Yayınları",
      "Yazar": "Madeline Miller"
   },
   {
      "Barkod": 9786057003768,
      "Dil": "Türkçe",
      "Fiyat": 19.5,
      "Kitap_Adi": "Kırklar Meclisi Hünkar Bektaş",
      "Yayinevi": "Siyah Kitap",
      "Yazar": "Ayşe Acar"
   }
]